title,連結
[正妹] Charmaine Manicio,https://www.ptt.cc//bbs/Beauty/M.1778584932.A.1E9.html
[正妹] 史上最正泳池攝影會主辦-るるたんRuruka,https://www.ptt.cc//bbs/Beauty/M.1778588296.A.B41.html
[正妹] 申鉉彬,https://www.ptt.cc//bbs/Beauty/M.1778591449.A.992.html
[正妹] 日本奶妹,https://www.ptt.cc//bbs/Beauty/M.1778601891.A.DA5.html
[正妹] 張小員,https://www.ptt.cc//bbs/Beauty/M.1778608814.A.ECA.html
[正妹] 蘋蘋澎澎,https://www.ptt.cc//bbs/Beauty/M.1778626424.A.DE3.html
[正妹] 李冠儀,https://www.ptt.cc//bbs/Beauty/M.1778626544.A.D89.html
[正妹] Cosplay 2739 日本 小隻馬,https://www.ptt.cc//bbs/Beauty/M.1778627933.A.58D.html
[正妹] 十一,https://www.ptt.cc//bbs/Beauty/M.1778629765.A.77A.html
[正妹] 貝拉 小龍女,https://www.ptt.cc//bbs/Beauty/M.1778631162.A.E7E.html
[正妹] 陪玩姐姐,https://www.ptt.cc//bbs/Beauty/M.1778635426.A.3FD.html
[正妹] 好像有點料,https://www.ptt.cc//bbs/Beauty/M.1778637455.A.9E4.html
[正妹] 南半球,https://www.ptt.cc//bbs/Beauty/M.1778643430.A.778.html
[正妹] 泱泱,https://www.ptt.cc//bbs/Beauty/M.1778654236.A.5E6.html
[正妹] ♥♥♥♥♥,https://www.ptt.cc//bbs/Beauty/M.1778659584.A.730.html
[正妹] 神似舒華,https://www.ptt.cc//bbs/Beauty/M.1778664623.A.B0B.html
[正妹] 瘦但大,https://www.ptt.cc//bbs/Beauty/M.1778668317.A.FB3.html
[正妹] 牛仔,https://www.ptt.cc//bbs/Beauty/M.1778671634.A.5E3.html
[正妹] 權娜拉,https://www.ptt.cc//bbs/Beauty/M.1778674829.A.D68.html
[正妹] 年度人氣啦啦隊員 三上悠亞,https://www.ptt.cc//bbs/Beauty/M.1778675420.A.914.html
[正妹] Wing Stars 筱雯,https://www.ptt.cc//bbs/Beauty/M.1778684812.A.D70.html
[正妹] 肚肚夜雨,https://www.ptt.cc//bbs/Beauty/M.1778715940.A.966.html
[正妹] 徐賢淑,https://www.ptt.cc//bbs/Beauty/M.1778717081.A.D3E.html
[正妹] 小野坂ゆいか,https://www.ptt.cc//bbs/Beauty/M.1778731594.A.FE8.html
[正妹] 叫Sky的沒有弱者?,https://www.ptt.cc//bbs/Beauty/M.1778731655.A.D43.html
[正妹] 小草莓塔比,https://www.ptt.cc//bbs/Beauty/M.1778736985.A.DED.html
[正妹] 姜妍,https://www.ptt.cc//bbs/Beauty/M.1778739824.A.D8C.html
[正妹] Cosplay 2740 日本 妮姬,https://www.ptt.cc//bbs/Beauty/M.1778740085.A.454.html
[正妹] 南美洲 淺淺的一抹微笑,https://www.ptt.cc//bbs/Beauty/M.1778750714.A.317.html
[正妹] H罩杯肉感發片機器 莉々はるか(莉莉遙香),https://www.ptt.cc//bbs/Beauty/M.1778757083.A.844.html
[正妹] 孔升妍,https://www.ptt.cc//bbs/Beauty/M.1778767559.A.A79.html
[正妹] 冼迪琦,https://www.ptt.cc//bbs/Beauty/M.1778775395.A.71F.html
[正妹] 培證英雄啦啦隊,https://www.ptt.cc//bbs/Beauty/M.1778801937.A.04F.html
[正妹] 賴可,https://www.ptt.cc//bbs/Beauty/M.1778805024.A.CB5.html
[正妹] 家教老師,https://www.ptt.cc//bbs/Beauty/M.1778808657.A.EF8.html
[正妹] Cosplay 2741 日本 尼祿,https://www.ptt.cc//bbs/Beauty/M.1778812412.A.586.html
[正妹] 芷_♡♥,https://www.ptt.cc//bbs/Beauty/M.1778817713.A.A05.html
[正妹] Suzy 裴秀智,https://www.ptt.cc//bbs/Beauty/M.1778822125.A.D1C.html
[正妹] Cosplay 2742 日本 春麗,https://www.ptt.cc//bbs/Beauty/M.1778824690.A.BB3.html
[正妹] 艾莉絲,https://www.ptt.cc//bbs/Beauty/M.1778827136.A.975.html
